Episode,Outcome,Episodic Time Cost,Episodic Dist Cost,Success Rate
14,success,35.029998779296875,35.1733908187598,100.0
15,success,87.87999725341797,88.07550811767578,100.0
