Episode,Outcome,Episodic Time Cost,Episodic Dist Cost,Success Rate
14,success,51.290000438690186,41.54003527387977,100.0
15,success,34.18999481201172,33.475399017333984,100.0
