Episode,Outcome,Episodic Time Cost,Episodic Dist Cost,Success Rate
13,success,26.310000896453857,30.49468231201172,100.0
14,success,36.3799991607666,38.25534439086914,100.0
