Episode,Outcome,Episodic Time Cost,Episodic Dist Cost,Success Rate
14,success,29.67999839782715,31.557595167309046,100.0
15,success,18.740001678466797,19.88867950439453,100.0
